Category,Followers,GMV,Partition types,Depths,Partitions,Pages,Attempts,Rows,New,Duplicates,Duplicate %,Unique %,New/Page,New/Attempt,First Run WIB,Last Run WIB,Comparison class,Historical GMV-All pages,Historical GMV-All rows,Historical GMV-All new,Historical GMV-All unique %,Historical GMV-All new/page
Peralatan Dapur → Peralatan Teh & Kopi,"2,500–2,624",G1 Low,ADAPTIVE_GMV,4,1,20,505,400,363,37,9.25%,90.75%,18.1500,0.7188,26/08/2026 12:46:48 WIB,26/08/2026 13:29:58 WIB,EXACT MATCH,20,400,186,46.50%,9.3000
Peralatan Dapur → Peralatan Teh & Kopi,"2,500–2,624",G2 Medium,ADAPTIVE_GMV,4,1,17,287,337,47,290,86.05%,13.95%,2.7647,0.1638,26/08/2026 14:15:33 WIB,26/08/2026 14:43:11 WIB,EXACT MATCH,20,400,186,46.50%,9.3000
Peralatan Dapur → Peralatan Teh & Kopi,"2,500–2,624",G3 High,ADAPTIVE_GMV,4,1,5,5,100,3,97,97.00%,3.00%,0.6000,0.6000,26/08/2026 13:30:26 WIB,26/08/2026 13:32:21 WIB,EXACT MATCH,20,400,186,46.50%,9.3000
Peralatan Dapur → Peralatan Teh & Kopi,"2,500–2,624",G4 Very High,ADAPTIVE_GMV,4,1,1,6,4,0,4,100.00%,0.00%,0.0000,0.0000,26/08/2026 14:49:19 WIB,26/08/2026 14:49:19 WIB,EXACT MATCH,20,400,186,46.50%,9.3000
Peralatan Dapur → Peralatan Teh & Kopi,"2,625–2,749",G1 Low,ADAPTIVE_GMV,4,1,20,434,400,350,50,12.50%,87.50%,17.5000,0.8065,26/08/2026 15:31:31 WIB,26/08/2026 16:11:17 WIB,EXACT MATCH,20,400,147,36.75%,7.3500
Peralatan Dapur → Peralatan Teh & Kopi,"2,625–2,749",G2 Medium,ADAPTIVE_GMV,4,1,16,342,302,37,265,87.75%,12.25%,2.3125,0.1082,26/08/2026 17:53:07 WIB,26/08/2026 18:35:54 WIB,EXACT MATCH,20,400,147,36.75%,7.3500
Peralatan Dapur → Peralatan Teh & Kopi,"2,625–2,749",G3 High,ADAPTIVE_GMV,4,1,6,187,120,2,118,98.33%,1.67%,0.3333,0.0107,26/08/2026 16:12:19 WIB,26/08/2026 16:27:07 WIB,EXACT MATCH,20,400,147,36.75%,7.3500
Peralatan Dapur → Peralatan Teh & Kopi,"2,625–2,749",G4 Very High,ADAPTIVE_GMV,4,1,1,17,2,0,2,100.00%,0.00%,0.0000,0.0000,26/08/2026 19:12:02 WIB,26/08/2026 19:12:02 WIB,EXACT MATCH,20,400,147,36.75%,7.3500
Perlengkapan Rumah → Home Organizer,600–799,G1 Low,V2_SEED,0,1,21,419,401,400,1,0.25%,99.75%,19.0476,0.9547,26/08/2026 13:35:00 WIB,26/08/2026 14:14:39 WIB,EXACT MATCH,21,403,85,21.09%,4.0476
Perlengkapan Rumah → Home Organizer,600–799,G2 Medium,V2_SEED,0,1,20,189,399,354,45,11.28%,88.72%,17.7000,1.8730,26/08/2026 15:02:37 WIB,26/08/2026 15:24:55 WIB,EXACT MATCH,21,403,85,21.09%,4.0476
Perlengkapan Rumah → Home Organizer,600–799,G3 High,V2_SEED,0,1,20,348,400,44,356,89.00%,11.00%,2.2000,0.1264,26/08/2026 16:31:12 WIB,26/08/2026 17:12:20 WIB,EXACT MATCH,21,403,85,21.09%,4.0476
Perlengkapan Rumah → Home Organizer,600–799,G4 Very High,V2_SEED,0,1,1,2,6,0,6,100.00%,0.00%,0.0000,0.0000,26/08/2026 19:47:12 WIB,26/08/2026 19:47:12 WIB,EXACT MATCH,21,403,85,21.09%,4.0476
Perlengkapan Rumah → Home Organizer,800–999,G1 Low,V2_SEED,0,1,21,130,403,399,4,0.99%,99.01%,19.0000,3.0692,26/08/2026 19:50:44 WIB,26/08/2026 20:17:44 WIB,EXACT MATCH,21,403,27,6.70%,1.2857
Perlengkapan Rumah → Home Organizer,800–999,G2 Medium,V2_SEED,0,1,20,75,399,364,35,8.77%,91.23%,18.2000,4.8533,26/08/2026 20:19:07 WIB,26/08/2026 20:40:02 WIB,EXACT MATCH,21,403,27,6.70%,1.2857
Perlengkapan Rumah → Home Organizer,800–999,G3 High,V2_SEED,0,1,20,65,400,21,379,94.75%,5.25%,1.0500,0.3231,26/08/2026 20:40:56 WIB,26/08/2026 21:01:08 WIB,EXACT MATCH,21,403,27,6.70%,1.2857
Perlengkapan Rumah → Home Organizer,800–999,G4 Very High,V2_SEED,0,1,1,11,17,1,16,94.12%,5.88%,1.0000,0.0909,26/08/2026 21:02:49 WIB,26/08/2026 21:02:49 WIB,EXACT MATCH,21,403,27,6.70%,1.2857
Perlengkapan Rumah → Home Organizer,"1,000–1,124",G1 Low,ADAPTIVE_FOLLOWER,2,1,21,65,402,179,223,55.47%,44.53%,8.5238,2.7538,27/08/2026 00:45:39 WIB,27/08/2026 00:59:07 WIB,APPROXIMATE / NOT DIRECTLY COMPARABLE,,,,,
Perlengkapan Rumah → Home Organizer,"1,000–1,124",G2 Medium,ADAPTIVE_FOLLOWER,2,1,20,71,399,93,306,76.69%,23.31%,4.6500,1.3099,27/08/2026 03:13:12 WIB,27/08/2026 03:36:46 WIB,APPROXIMATE / NOT DIRECTLY COMPARABLE,,,,,
Perlengkapan Rumah → Home Organizer,"1,000–1,249",G1 Low,ADAPTIVE_FOLLOWER,1,1,21,72,404,108,296,73.27%,26.73%,5.1429,1.5000,26/08/2026 22:35:43 WIB,26/08/2026 23:22:44 WIB,EXACT MATCH,42,808,179,22.15%,4.2619
Perlengkapan Rumah → Home Organizer,"1,000–1,249",G2 Medium,ADAPTIVE_FOLLOWER,1,1,20,123,400,79,321,80.25%,19.75%,3.9500,0.6423,27/08/2026 00:59:51 WIB,27/08/2026 01:19:54 WIB,EXACT MATCH,42,808,179,22.15%,4.2619
Perlengkapan Rumah → Home Organizer,"1,000–1,249",G3 High,ADAPTIVE_FOLLOWER,1,1,20,150,400,27,373,93.25%,6.75%,1.3500,0.1800,27/08/2026 04:42:59 WIB,27/08/2026 05:02:08 WIB,EXACT MATCH,42,808,179,22.15%,4.2619
Perlengkapan Rumah → Home Organizer,"1,000–1,499",G1 Low,V2_SEED,0,1,21,94,405,292,113,27.90%,72.10%,13.9048,3.1064,26/08/2026 21:03:53 WIB,26/08/2026 21:40:10 WIB,EXACT MATCH,21,405,245,60.49%,11.6667
Perlengkapan Rumah → Home Organizer,"1,000–1,499",G2 Medium,V2_SEED,0,1,20,223,400,179,221,55.25%,44.75%,8.9500,0.8027,26/08/2026 23:24:29 WIB,27/08/2026 00:00:35 WIB,EXACT MATCH,21,405,245,60.49%,11.6667
Perlengkapan Rumah → Home Organizer,"1,000–1,499",G3 High,V2_SEED,0,1,20,157,400,22,378,94.50%,5.50%,1.1000,0.1401,27/08/2026 02:11:59 WIB,27/08/2026 02:34:23 WIB,EXACT MATCH,21,405,245,60.49%,11.6667
Perlengkapan Rumah → Home Organizer,"1,000–1,499",G4 Very High,V2_SEED,0,1,3,7,44,1,43,97.73%,2.27%,0.3333,0.1429,27/08/2026 05:02:43 WIB,27/08/2026 05:03:55 WIB,EXACT MATCH,21,405,245,60.49%,11.6667
Perlengkapan Rumah → Home Organizer,"1,125–1,249",G1 Low,ADAPTIVE_FOLLOWER,2,1,21,269,403,212,191,47.39%,52.61%,10.0952,0.7881,27/08/2026 01:25:45 WIB,27/08/2026 01:51:54 WIB,APPROXIMATE / NOT DIRECTLY COMPARABLE,,,,,
Perlengkapan Rumah → Home Organizer,"1,125–1,249",G2 Medium,ADAPTIVE_FOLLOWER,2,1,20,326,400,102,298,74.50%,25.50%,5.1000,0.3129,27/08/2026 04:14:28 WIB,27/08/2026 04:42:30 WIB,APPROXIMATE / NOT DIRECTLY COMPARABLE,,,,,
Perlengkapan Rumah → Home Organizer,"1,250–1,374",G1 Low,ADAPTIVE_FOLLOWER,2,1,21,201,401,135,266,66.33%,33.67%,6.4286,0.6716,27/08/2026 00:01:20 WIB,27/08/2026 00:28:27 WIB,APPROXIMATE / NOT DIRECTLY COMPARABLE,,,,,
Perlengkapan Rumah → Home Organizer,"1,250–1,374",G2 Medium,ADAPTIVE_FOLLOWER,2,1,20,117,400,63,337,84.25%,15.75%,3.1500,0.5385,27/08/2026 02:34:53 WIB,27/08/2026 02:51:14 WIB,APPROXIMATE / NOT DIRECTLY COMPARABLE,,,,,
Perlengkapan Rumah → Home Organizer,"1,250–1,499",G1 Low,ADAPTIVE_FOLLOWER,1,1,21,107,401,168,233,58.10%,41.90%,8.0000,1.5701,26/08/2026 21:47:28 WIB,26/08/2026 22:34:03 WIB,EXACT MATCH,42,802,199,24.81%,4.7381
Perlengkapan Rumah → Home Organizer,"1,250–1,499",G2 Medium,ADAPTIVE_FOLLOWER,1,1,20,150,400,94,306,76.50%,23.50%,4.7000,0.6267,27/08/2026 01:52:29 WIB,27/08/2026 02:11:17 WIB,EXACT MATCH,42,802,199,24.81%,4.7381
Perlengkapan Rumah → Home Organizer,"1,250–1,499",G3 High,ADAPTIVE_FOLLOWER,1,1,20,152,400,28,372,93.00%,7.00%,1.4000,0.1842,27/08/2026 03:37:23 WIB,27/08/2026 03:59:57 WIB,EXACT MATCH,42,802,199,24.81%,4.7381
Perlengkapan Rumah → Home Organizer,"1,375–1,499",G1 Low,ADAPTIVE_FOLLOWER,2,1,20,105,400,157,243,60.75%,39.25%,7.8500,1.4952,27/08/2026 00:29:00 WIB,27/08/2026 00:44:58 WIB,APPROXIMATE / NOT DIRECTLY COMPARABLE,,,,,
Perlengkapan Rumah → Home Organizer,"1,375–1,499",G2 Medium,ADAPTIVE_FOLLOWER,2,1,20,86,400,91,309,77.25%,22.75%,4.5500,1.0581,27/08/2026 02:51:45 WIB,27/08/2026 03:12:41 WIB,APPROXIMATE / NOT DIRECTLY COMPARABLE,,,,,
Perlengkapan Rumah → Home Organizer,"1,500–1,624",G1 Low,ADAPTIVE_FOLLOWER,2,1,20,99,399,124,275,68.92%,31.08%,6.2000,1.2525,27/08/2026 06:57:34 WIB,27/08/2026 07:13:52 WIB,APPROXIMATE / NOT DIRECTLY COMPARABLE,,,,,
Perlengkapan Rumah → Home Organizer,"1,500–1,749",G1 Low,ADAPTIVE_FOLLOWER,1,1,20,320,400,107,293,73.25%,26.75%,5.3500,0.3344,27/08/2026 05:37:10 WIB,27/08/2026 06:07:59 WIB,EXACT MATCH,40,800,183,22.88%,4.5750
Perlengkapan Rumah → Home Organizer,"1,500–1,749",G2 Medium,ADAPTIVE_FOLLOWER,1,1,20,194,400,37,363,90.75%,9.25%,1.8500,0.1907,27/08/2026 08:04:28 WIB,27/08/2026 08:25:57 WIB,EXACT MATCH,40,800,183,22.88%,4.5750
Perlengkapan Rumah → Home Organizer,"1,500–1,749",G3 High,ADAPTIVE_FOLLOWER,1,1,20,420,400,27,373,93.25%,6.75%,1.3500,0.0643,27/08/2026 11:35:24 WIB,27/08/2026 12:12:53 WIB,EXACT MATCH,40,800,183,22.88%,4.5750
Perlengkapan Rumah → Home Organizer,"1,500–1,999",G1 Low,V2_SEED,0,1,21,313,401,322,79,19.70%,80.30%,15.3333,1.0288,27/08/2026 05:04:39 WIB,27/08/2026 05:36:20 WIB,EXACT MATCH,21,401,236,58.85%,11.2381
Perlengkapan Rumah → Home Organizer,"1,500–1,999",G2 Medium,V2_SEED,0,1,20,133,400,241,159,39.75%,60.25%,12.0500,1.8120,27/08/2026 07:14:26 WIB,27/08/2026 07:34:23 WIB,EXACT MATCH,21,401,236,58.85%,11.2381
Perlengkapan Rumah → Home Organizer,"1,500–1,999",G3 High,V2_SEED,0,1,20,379,400,32,368,92.00%,8.00%,1.6000,0.0844,27/08/2026 10:47:32 WIB,27/08/2026 11:21:22 WIB,EXACT MATCH,21,401,236,58.85%,11.2381
Perlengkapan Rumah → Home Organizer,"1,500–1,999",G4 Very High,V2_SEED,0,1,3,178,51,1,50,98.04%,1.96%,0.3333,0.0056,27/08/2026 11:22:23 WIB,27/08/2026 11:34:38 WIB,EXACT MATCH,21,401,236,58.85%,11.2381
Perlengkapan Rumah → Home Organizer,"1,625–1,749",G1 Low,ADAPTIVE_FOLLOWER,2,1,20,277,400,143,257,64.25%,35.75%,7.1500,0.5162,27/08/2026 07:35:04 WIB,27/08/2026 08:02:36 WIB,APPROXIMATE / NOT DIRECTLY COMPARABLE,,,,,
Perlengkapan Rumah → Home Organizer,"1,750–1,874",G1 Low,ADAPTIVE_FOLLOWER,2,1,21,82,401,192,209,52.12%,47.88%,9.1429,2.3415,27/08/2026 06:27:45 WIB,27/08/2026 06:42:14 WIB,APPROXIMATE / NOT DIRECTLY COMPARABLE,,,,,
Perlengkapan Rumah → Home Organizer,"1,750–1,874",G2 Medium,ADAPTIVE_FOLLOWER,2,1,20,563,400,175,225,56.25%,43.75%,8.7500,0.3108,27/08/2026 09:17:58 WIB,27/08/2026 10:05:59 WIB,APPROXIMATE / NOT DIRECTLY COMPARABLE,,,,,
Perlengkapan Rumah → Home Organizer,"1,750–1,874",G3 High,ADAPTIVE_FOLLOWER,2,1,20,298,400,152,248,62.00%,38.00%,7.6000,0.5101,27/08/2026 12:46:13 WIB,27/08/2026 13:16:25 WIB,APPROXIMATE / NOT DIRECTLY COMPARABLE,,,,,
Perlengkapan Rumah → Home Organizer,"1,750–1,999",G1 Low,ADAPTIVE_FOLLOWER,1,1,21,123,401,216,185,46.13%,53.87%,10.2857,1.7561,27/08/2026 06:08:31 WIB,27/08/2026 06:27:13 WIB,EXACT MATCH,42,802,220,27.43%,5.2381
Perlengkapan Rumah → Home Organizer,"1,750–1,999",G2 Medium,ADAPTIVE_FOLLOWER,1,1,20,598,400,212,188,47.00%,53.00%,10.6000,0.3545,27/08/2026 08:27:31 WIB,27/08/2026 09:17:25 WIB,EXACT MATCH,42,802,220,27.43%,5.2381
Perlengkapan Rumah → Home Organizer,"1,750–1,999",G3 High,ADAPTIVE_FOLLOWER,1,1,20,340,400,42,358,89.50%,10.50%,2.1000,0.1235,27/08/2026 12:14:12 WIB,27/08/2026 12:45:38 WIB,EXACT MATCH,42,802,220,27.43%,5.2381
Perlengkapan Rumah → Home Organizer,"1,875–1,999",G1 Low,ADAPTIVE_FOLLOWER,2,1,20,81,400,207,193,48.25%,51.75%,10.3500,2.5556,27/08/2026 06:42:58 WIB,27/08/2026 06:57:01 WIB,APPROXIMATE / NOT DIRECTLY COMPARABLE,,,,,
Perlengkapan Rumah → Home Organizer,"1,875–1,999",G2 Medium,ADAPTIVE_FOLLOWER,2,1,20,453,400,214,186,46.50%,53.50%,10.7000,0.4724,27/08/2026 10:06:36 WIB,27/08/2026 10:46:18 WIB,APPROXIMATE / NOT DIRECTLY COMPARABLE,,,,,
Perlengkapan Rumah → Home Organizer,"1,875–1,999",G3 High,ADAPTIVE_FOLLOWER,2,1,19,393,373,164,209,56.03%,43.97%,8.6316,0.4173,27/08/2026 13:17:19 WIB,27/08/2026 14:22:09 WIB,APPROXIMATE / NOT DIRECTLY COMPARABLE,,,,,
Perlengkapan Rumah → Home Organizer,"2,000–2,124",G1 Low,ADAPTIVE_FOLLOWER,3,1,21,172,401,117,284,70.82%,29.18%,5.5714,0.6802,28/08/2026 04:17:54 WIB,28/08/2026 04:39:48 WIB,APPROXIMATE / NOT DIRECTLY COMPARABLE,,,,,
Perlengkapan Rumah → Home Organizer,"2,000–2,249",G1 Low,ADAPTIVE_FOLLOWER,2,1,21,331,402,142,260,64.68%,35.32%,6.7619,0.4290,28/08/2026 03:18:57 WIB,28/08/2026 03:51:06 WIB,APPROXIMATE / NOT DIRECTLY COMPARABLE,,,,,
Perlengkapan Rumah → Home Organizer,"2,000–2,499",G1 Low,ADAPTIVE_FOLLOWER,1,1,21,202,401,75,326,81.30%,18.70%,3.5714,0.3713,27/08/2026 16:46:09 WIB,27/08/2026 17:21:47 WIB,EXACT MATCH,40,799,189,23.65%,4.7250
Perlengkapan Rumah → Home Organizer,"2,000–2,499",G2 Medium,ADAPTIVE_FOLLOWER,1,1,20,117,400,28,372,93.00%,7.00%,1.4000,0.2393,27/08/2026 19:14:33 WIB,27/08/2026 19:44:03 WIB,EXACT MATCH,40,799,189,23.65%,4.7250
Perlengkapan Rumah → Home Organizer,"2,000–2,499",G3 High,ADAPTIVE_FOLLOWER,1,1,20,319,399,27,372,93.23%,6.77%,1.3500,0.0846,28/08/2026 07:02:37 WIB,28/08/2026 07:32:18 WIB,EXACT MATCH,40,799,189,23.65%,4.7250
Perlengkapan Rumah → Home Organizer,"2,000–2,999",G1 Low,V2_SEED,0,1,21,201,402,240,162,40.30%,59.70%,11.4286,1.1940,27/08/2026 14:23:17 WIB,27/08/2026 14:52:37 WIB,EXACT MATCH,21,400,148,37.00%,7.0476
Perlengkapan Rumah → Home Organizer,"2,000–2,999",G2 Medium,V2_SEED,0,1,20,196,400,55,345,86.25%,13.75%,2.7500,0.2806,27/08/2026 16:04:55 WIB,27/08/2026 16:40:25 WIB,EXACT MATCH,21,400,148,37.00%,7.0476
Perlengkapan Rumah → Home Organizer,"2,000–2,999",G3 High,V2_SEED,0,1,20,229,399,20,379,94.99%,5.01%,1.0000,0.0873,28/08/2026 02:53:02 WIB,28/08/2026 03:18:22 WIB,EXACT MATCH,21,400,148,37.00%,7.0476
Perlengkapan Rumah → Home Organizer,"2,000–2,999",G4 Very High,V2_SEED,0,1,6,187,106,1,105,99.06%,0.94%,0.1667,0.0053,28/08/2026 05:57:13 WIB,28/08/2026 06:01:43 WIB,EXACT MATCH,21,400,148,37.00%,7.0476
Perlengkapan Rumah → Home Organizer,"2,125–2,249",G1 Low,ADAPTIVE_FOLLOWER,3,1,21,118,401,116,285,71.07%,28.93%,5.5238,0.9831,28/08/2026 04:51:23 WIB,28/08/2026 05:11:21 WIB,APPROXIMATE / NOT DIRECTLY COMPARABLE,,,,,
Perlengkapan Rumah → Home Organizer,"2,250–2,374",G1 Low,ADAPTIVE_FOLLOWER,3,1,20,362,400,99,301,75.25%,24.75%,4.9500,0.2735,28/08/2026 05:12:13 WIB,28/08/2026 05:46:23 WIB,APPROXIMATE / NOT DIRECTLY COMPARABLE,,,,,
Perlengkapan Rumah → Home Organizer,"2,250–2,499",G1 Low,ADAPTIVE_FOLLOWER,2,1,20,228,400,126,274,68.50%,31.50%,6.3000,0.5526,28/08/2026 03:52:55 WIB,28/08/2026 04:17:20 WIB,APPROXIMATE / NOT DIRECTLY COMPARABLE,,,,,
Perlengkapan Rumah → Home Organizer,"2,375–2,499",G1 Low,ADAPTIVE_FOLLOWER,3,1,20,197,400,111,289,72.25%,27.75%,5.5500,0.5635,28/08/2026 06:02:23 WIB,28/08/2026 06:25:04 WIB,APPROXIMATE / NOT DIRECTLY COMPARABLE,,,,,
Perlengkapan Rumah → Home Organizer,"2,500–2,624",G1 Low,ADAPTIVE_FOLLOWER,3,1,20,157,400,114,286,71.50%,28.50%,5.7000,0.7261,28/08/2026 06:31:13 WIB,28/08/2026 06:45:47 WIB,APPROXIMATE / NOT DIRECTLY COMPARABLE,,,,,
Perlengkapan Rumah → Home Organizer,"2,500–2,749",G1 Low,ADAPTIVE_FOLLOWER,2,1,20,271,400,58,342,85.50%,14.50%,2.9000,0.2140,27/08/2026 17:26:30 WIB,27/08/2026 18:17:23 WIB,APPROXIMATE / NOT DIRECTLY COMPARABLE,,,,,
Perlengkapan Rumah → Home Organizer,"2,500–2,749",G2 Medium,ADAPTIVE_FOLLOWER,2,1,20,380,400,37,363,90.75%,9.25%,1.8500,0.0974,28/08/2026 09:08:04 WIB,28/08/2026 09:43:18 WIB,APPROXIMATE / NOT DIRECTLY COMPARABLE,,,,,
Perlengkapan Rumah → Home Organizer,"2,500–2,999",G1 Low,ADAPTIVE_FOLLOWER,1,1,21,463,401,85,316,78.80%,21.20%,4.0476,0.1836,27/08/2026 14:53:07 WIB,27/08/2026 16:03:54 WIB,EXACT MATCH,42,802,222,27.68%,5.2857
Perlengkapan Rumah → Home Organizer,"2,500–2,999",G2 Medium,ADAPTIVE_FOLLOWER,1,1,20,272,400,62,338,84.50%,15.50%,3.1000,0.2279,28/08/2026 07:32:59 WIB,28/08/2026 08:00:26 WIB,EXACT MATCH,42,802,222,27.68%,5.2857
Perlengkapan Rumah → Home Organizer,"2,500–2,999",G3 High,ADAPTIVE_FOLLOWER,1,1,20,21,400,21,379,94.75%,5.25%,1.0500,1.0000,28/08/2026 04:40:26 WIB,28/08/2026 04:50:40 WIB,EXACT MATCH,42,802,222,27.68%,5.2857
Perlengkapan Rumah → Home Organizer,"2,625–2,749",G1 Low,ADAPTIVE_FOLLOWER,3,1,21,82,401,115,286,71.32%,28.68%,5.4762,1.4024,28/08/2026 06:46:21 WIB,28/08/2026 07:02:03 WIB,APPROXIMATE / NOT DIRECTLY COMPARABLE,,,,,
Perlengkapan Rumah → Home Organizer,"2,750–2,874",G1 Low,ADAPTIVE_FOLLOWER,3,1,21,159,401,91,310,77.31%,22.69%,4.3333,0.5723,27/08/2026 19:45:30 WIB,27/08/2026 20:24:50 WIB,APPROXIMATE / NOT DIRECTLY COMPARABLE,,,,,
Perlengkapan Rumah → Home Organizer,"2,750–2,999",G1 Low,ADAPTIVE_FOLLOWER,2,1,21,160,401,74,327,81.55%,18.45%,3.5238,0.4625,27/08/2026 18:24:01 WIB,27/08/2026 19:13:03 WIB,APPROXIMATE / NOT DIRECTLY COMPARABLE,,,,,
Perlengkapan Rumah → Home Organizer,"2,750–2,999",G2 Medium,ADAPTIVE_FOLLOWER,2,1,20,347,400,32,368,92.00%,8.00%,1.6000,0.0922,28/08/2026 08:01:30 WIB,28/08/2026 08:34:48 WIB,APPROXIMATE / NOT DIRECTLY COMPARABLE,,,,,
Perlengkapan Rumah → Home Organizer,"2,875–2,999",G1 Low,ADAPTIVE_FOLLOWER,3,1,20,96,400,83,317,79.25%,20.75%,4.1500,0.8646,27/08/2026 20:26:30 WIB,27/08/2026 21:26:44 WIB,APPROXIMATE / NOT DIRECTLY COMPARABLE,,,,,
Perlengkapan Rumah → Home Organizer,"3,000–3,124",G1 Low,ADAPTIVE_FOLLOWER,3,1,20,178,400,184,216,54.00%,46.00%,9.2000,1.0337,28/08/2026 13:23:31 WIB,28/08/2026 13:45:00 WIB,APPROXIMATE / NOT DIRECTLY COMPARABLE,,,,,
Perlengkapan Rumah → Home Organizer,"3,000–3,124",G2 Medium,ADAPTIVE_FOLLOWER,3,1,20,70,400,197,203,50.75%,49.25%,9.8500,2.8143,28/08/2026 18:29:11 WIB,28/08/2026 18:37:41 WIB,APPROXIMATE / NOT DIRECTLY COMPARABLE,,,,,
Perlengkapan Rumah → Home Organizer,"3,000–3,124",G3 High,ADAPTIVE_FOLLOWER,3,1,12,95,233,17,216,92.70%,7.30%,1.4167,0.1789,29/08/2026 00:05:25 WIB,29/08/2026 00:14:13 WIB,APPROXIMATE / NOT DIRECTLY COMPARABLE,,,,,
Perlengkapan Rumah → Home Organizer,"3,000–3,249",G1 Low,ADAPTIVE_FOLLOWER,2,1,20,126,400,170,230,57.50%,42.50%,8.5000,1.3492,28/08/2026 11:08:13 WIB,28/08/2026 11:32:41 WIB,APPROXIMATE / NOT DIRECTLY COMPARABLE,,,,,
Perlengkapan Rumah → Home Organizer,"3,000–3,249",G2 Medium,ADAPTIVE_FOLLOWER,2,1,20,161,400,195,205,51.25%,48.75%,9.7500,1.2112,28/08/2026 17:21:48 WIB,28/08/2026 17:36:28 WIB,APPROXIMATE / NOT DIRECTLY COMPARABLE,,,,,
Perlengkapan Rumah → Home Organizer,"3,000–3,249",G3 High,ADAPTIVE_FOLLOWER,2,1,20,107,400,152,248,62.00%,38.00%,7.6000,1.4206,28/08/2026 23:27:56 WIB,28/08/2026 23:40:21 WIB,APPROXIMATE / NOT DIRECTLY COMPARABLE,,,,,
Perlengkapan Rumah → Home Organizer,"3,000–3,499",G1 Low,ADAPTIVE_FOLLOWER,1,1,20,199,400,190,210,52.50%,47.50%,9.5000,0.9548,28/08/2026 10:32:04 WIB,28/08/2026 11:07:22 WIB,EXACT MATCH,42,802,181,22.57%,4.3095
Perlengkapan Rumah → Home Organizer,"3,000–3,499",G2 Medium,ADAPTIVE_FOLLOWER,1,1,20,296,400,172,228,57.00%,43.00%,8.6000,0.5811,28/08/2026 14:14:31 WIB,28/08/2026 14:44:24 WIB,EXACT MATCH,42,802,181,22.57%,4.3095
Perlengkapan Rumah → Home Organizer,"3,000–3,499",G3 High,ADAPTIVE_FOLLOWER,1,1,20,114,400,55,345,86.25%,13.75%,2.7500,0.4825,28/08/2026 18:38:00 WIB,28/08/2026 18:49:27 WIB,EXACT MATCH,42,802,181,22.57%,4.3095
Perlengkapan Rumah → Home Organizer,"3,000–3,999",G1 Low,V2_SEED,0,1,21,309,401,267,134,33.42%,66.58%,12.7143,0.8641,28/08/2026 08:35:43 WIB,28/08/2026 09:07:30 WIB,EXACT MATCH,21,402,180,44.78%,8.5714
Perlengkapan Rumah → Home Organizer,"3,000–3,999",G2 Medium,V2_SEED,0,1,20,234,400,243,157,39.25%,60.75%,12.1500,1.0385,28/08/2026 12:33:57 WIB,28/08/2026 12:58:31 WIB,EXACT MATCH,21,402,180,44.78%,8.5714
Perlengkapan Rumah → Home Organizer,"3,000–3,999",G3 High,V2_SEED,0,1,20,80,400,37,363,90.75%,9.25%,1.8500,0.4625,28/08/2026 16:32:45 WIB,28/08/2026 16:42:50 WIB,EXACT MATCH,21,402,180,44.78%,8.5714
Perlengkapan Rumah → Home Organizer,"3,000–3,999",G4 Very High,V2_SEED,0,1,5,10,98,0,98,100.00%,0.00%,0.0000,0.0000,28/08/2026 17:50:47 WIB,28/08/2026 17:51:55 WIB,EXACT MATCH,21,402,180,44.78%,8.5714
Perlengkapan Rumah → Home Organizer,"3,125–3,249",G1 Low,ADAPTIVE_FOLLOWER,3,1,20,274,400,213,187,46.75%,53.25%,10.6500,0.7774,28/08/2026 13:50:42 WIB,28/08/2026 14:13:49 WIB,APPROXIMATE / NOT DIRECTLY COMPARABLE,,,,,
Perlengkapan Rumah → Home Organizer,"3,125–3,249",G2 Medium,ADAPTIVE_FOLLOWER,3,1,20,23,400,195,205,51.25%,48.75%,9.7500,8.4783,28/08/2026 18:49:43 WIB,28/08/2026 18:54:58 WIB,APPROXIMATE / NOT DIRECTLY COMPARABLE,,,,,
Perlengkapan Rumah → Home Organizer,"3,125–3,249",G3 High,ADAPTIVE_FOLLOWER,3,1,10,51,198,6,192,96.97%,3.03%,0.6000,0.1176,29/08/2026 00:14:30 WIB,29/08/2026 00:19:37 WIB,APPROXIMATE / NOT DIRECTLY COMPARABLE,,,,,
Perlengkapan Rumah → Home Organizer,"3,250–3,374",G1 Low,ADAPTIVE_FOLLOWER,3,1,20,322,400,180,220,55.00%,45.00%,9.0000,0.5590,28/08/2026 11:57:49 WIB,28/08/2026 12:32:20 WIB,APPROXIMATE / NOT DIRECTLY COMPARABLE,,,,,
Perlengkapan Rumah → Home Organizer,"3,250–3,374",G2 Medium,ADAPTIVE_FOLLOWER,3,1,20,279,400,205,195,48.75%,51.25%,10.2500,0.7348,28/08/2026 17:52:12 WIB,28/08/2026 18:15:24 WIB,APPROXIMATE / NOT DIRECTLY COMPARABLE,,,,,
Perlengkapan Rumah → Home Organizer,"3,250–3,499",G1 Low,ADAPTIVE_FOLLOWER,2,1,20,145,400,215,185,46.25%,53.75%,10.7500,1.4828,28/08/2026 11:34:02 WIB,28/08/2026 11:56:20 WIB,APPROXIMATE / NOT DIRECTLY COMPARABLE,,,,,
Perlengkapan Rumah → Home Organizer,"3,250–3,499",G2 Medium,ADAPTIVE_FOLLOWER,2,1,20,119,400,200,200,50.00%,50.00%,10.0000,1.6807,28/08/2026 17:36:45 WIB,28/08/2026 17:50:36 WIB,APPROXIMATE / NOT DIRECTLY COMPARABLE,,,,,
Perlengkapan Rumah → Home Organizer,"3,250–3,499",G3 High,ADAPTIVE_FOLLOWER,2,1,18,108,350,154,196,56.00%,44.00%,8.5556,1.4259,28/08/2026 23:53:24 WIB,29/08/2026 00:05:04 WIB,APPROXIMATE / NOT DIRECTLY COMPARABLE,,,,,
Perlengkapan Rumah → Home Organizer,"3,375–3,499",G1 Low,ADAPTIVE_FOLLOWER,3,1,20,209,400,219,181,45.25%,54.75%,10.9500,1.0478,28/08/2026 12:59:15 WIB,28/08/2026 13:22:30 WIB,APPROXIMATE / NOT DIRECTLY COMPARABLE,,,,,
Perlengkapan Rumah → Home Organizer,"3,375–3,499",G2 Medium,ADAPTIVE_FOLLOWER,3,1,20,141,400,187,213,53.25%,46.75%,9.3500,1.3262,28/08/2026 18:15:43 WIB,28/08/2026 18:28:57 WIB,APPROXIMATE / NOT DIRECTLY COMPARABLE,,,,,
Perlengkapan Rumah → Home Organizer,"3,500–3,624",G1 Low,ADAPTIVE_FOLLOWER,3,1,21,56,401,96,305,76.06%,23.94%,4.5714,1.7143,28/08/2026 16:59:11 WIB,28/08/2026 17:10:10 WIB,APPROXIMATE / NOT DIRECTLY COMPARABLE,,,,,
Perlengkapan Rumah → Home Organizer,"3,500–3,624",G2 Medium,ADAPTIVE_FOLLOWER,3,1,18,20,360,53,307,85.28%,14.72%,2.9444,2.6500,28/08/2026 20:27:51 WIB,28/08/2026 20:33:07 WIB,APPROXIMATE / NOT DIRECTLY COMPARABLE,,,,,
Perlengkapan Rumah → Home Organizer,"3,500–3,749",G1 Low,ADAPTIVE_FOLLOWER,2,1,21,267,401,64,337,84.04%,15.96%,3.0476,0.2397,28/08/2026 14:46:38 WIB,28/08/2026 16:16:28 WIB,APPROXIMATE / NOT DIRECTLY COMPARABLE,,,,,
Perlengkapan Rumah → Home Organizer,"3,500–3,749",G2 Medium,ADAPTIVE_FOLLOWER,2,1,20,106,400,42,358,89.50%,10.50%,2.1000,0.3962,28/08/2026 19:18:21 WIB,28/08/2026 19:29:08 WIB,APPROXIMATE / NOT DIRECTLY COMPARABLE,,,,,
Perlengkapan Rumah → Home Organizer,"3,500–3,999",G1 Low,ADAPTIVE_FOLLOWER,1,1,21,523,401,64,337,84.04%,15.96%,3.0476,0.1224,28/08/2026 09:44:05 WIB,28/08/2026 10:30:21 WIB,EXACT MATCH,42,802,219,27.31%,5.2143
Perlengkapan Rumah → Home Organizer,"3,500–3,999",G2 Medium,ADAPTIVE_FOLLOWER,1,1,20,77,400,54,346,86.50%,13.50%,2.7000,0.7013,28/08/2026 17:10:34 WIB,28/08/2026 17:21:17 WIB,EXACT MATCH,42,802,219,27.31%,5.2143
Perlengkapan Rumah → Home Organizer,"3,500–3,999",G3 High,ADAPTIVE_FOLLOWER,1,1,20,45,400,39,361,90.25%,9.75%,1.9500,0.8667,28/08/2026 23:10:49 WIB,28/08/2026 23:18:46 WIB,EXACT MATCH,42,802,219,27.31%,5.2143
Perlengkapan Rumah → Home Organizer,"3,625–3,749",G1 Low,ADAPTIVE_FOLLOWER,3,1,20,79,400,107,293,73.25%,26.75%,5.3500,1.3544,28/08/2026 18:55:18 WIB,28/08/2026 19:06:21 WIB,APPROXIMATE / NOT DIRECTLY COMPARABLE,,,,,
Perlengkapan Rumah → Home Organizer,"3,625–3,749",G2 Medium,ADAPTIVE_FOLLOWER,3,1,19,44,362,42,320,88.40%,11.60%,2.2105,0.9545,28/08/2026 20:42:23 WIB,28/08/2026 20:49:00 WIB,APPROXIMATE / NOT DIRECTLY COMPARABLE,,,,,
Perlengkapan Rumah → Home Organizer,"3,750–3,874",G1 Low,ADAPTIVE_FOLLOWER,3,1,5,15,80,27,53,66.25%,33.75%,5.4000,1.8000,28/08/2026 16:43:25 WIB,28/08/2026 16:46:59 WIB,APPROXIMATE / NOT DIRECTLY COMPARABLE,,,,,
Perlengkapan Rumah → Home Organizer,"3,750–3,874",G2 Medium,ADAPTIVE_FOLLOWER,3,1,16,162,319,33,286,89.66%,10.34%,2.0625,0.2037,28/08/2026 19:48:59 WIB,28/08/2026 20:02:53 WIB,APPROXIMATE / NOT DIRECTLY COMPARABLE,,,,,
Perlengkapan Rumah → Home Organizer,"3,750–3,999",G1 Low,ADAPTIVE_FOLLOWER,2,1,20,146,400,71,329,82.25%,17.75%,3.5500,0.4863,28/08/2026 16:20:58 WIB,28/08/2026 16:32:22 WIB,APPROXIMATE / NOT DIRECTLY COMPARABLE,,,,,
Perlengkapan Rumah → Home Organizer,"3,750–3,999",G2 Medium,ADAPTIVE_FOLLOWER,2,1,20,216,400,59,341,85.25%,14.75%,2.9500,0.2731,28/08/2026 19:29:33 WIB,28/08/2026 19:48:19 WIB,APPROXIMATE / NOT DIRECTLY COMPARABLE,,,,,
Perlengkapan Rumah → Home Organizer,"3,875–3,999",G1 Low,ADAPTIVE_FOLLOWER,3,1,20,85,400,96,304,76.00%,24.00%,4.8000,1.1294,28/08/2026 16:47:45 WIB,28/08/2026 16:58:53 WIB,APPROXIMATE / NOT DIRECTLY COMPARABLE,,,,,
Perlengkapan Rumah → Home Organizer,"3,875–3,999",G2 Medium,ADAPTIVE_FOLLOWER,3,1,16,137,310,34,276,89.03%,10.97%,2.1250,0.2482,28/08/2026 20:15:21 WIB,28/08/2026 20:27:34 WIB,APPROXIMATE / NOT DIRECTLY COMPARABLE,,,,,
Perlengkapan Rumah → Home Organizer,"4,000–4,124",G1 Low,ADAPTIVE_FOLLOWER,3,1,20,58,400,196,204,51.00%,49.00%,9.8000,3.3793,28/08/2026 22:14:04 WIB,28/08/2026 22:23:00 WIB,APPROXIMATE / NOT DIRECTLY COMPARABLE,,,,,
Perlengkapan Rumah → Home Organizer,"4,000–4,124",G2 Medium,ADAPTIVE_FOLLOWER,3,1,15,25,290,89,201,69.31%,30.69%,5.9333,3.5600,28/08/2026 23:04:34 WIB,28/08/2026 23:09:48 WIB,APPROXIMATE / NOT DIRECTLY COMPARABLE,,,,,
Perlengkapan Rumah → Home Organizer,"4,000–4,249",G1 Low,ADAPTIVE_FOLLOWER,2,1,20,86,400,172,228,57.00%,43.00%,8.6000,2.0000,28/08/2026 20:55:56 WIB,28/08/2026 21:05:56 WIB,APPROXIMATE / NOT DIRECTLY COMPARABLE,,,,,
Perlengkapan Rumah → Home Organizer,"4,000–4,249",G2 Medium,ADAPTIVE_FOLLOWER,2,1,20,34,400,182,218,54.50%,45.50%,9.1000,5.3529,28/08/2026 22:37:50 WIB,28/08/2026 22:45:09 WIB,APPROXIMATE / NOT DIRECTLY COMPARABLE,,,,,
Perlengkapan Rumah → Home Organizer,"4,000–4,499",G1 Low,ADAPTIVE_FOLLOWER,1,1,20,34,400,174,226,56.50%,43.50%,8.7000,5.1176,28/08/2026 20:49:22 WIB,28/08/2026 20:55:39 WIB,EXACT MATCH,40,800,180,22.50%,4.5000
Perlengkapan Rumah → Home Organizer,"4,000–4,499",G2 Medium,ADAPTIVE_FOLLOWER,1,1,20,52,400,168,232,58.00%,42.00%,8.4000,3.2308,28/08/2026 21:06:13 WIB,28/08/2026 21:14:04 WIB,EXACT MATCH,40,800,180,22.50%,4.5000
Perlengkapan Rumah → Home Organizer,"4,000–4,499",G3 High,ADAPTIVE_FOLLOWER,1,1,20,85,400,67,333,83.25%,16.75%,3.3500,0.7882,29/08/2026 06:16:46 WIB,29/08/2026 06:35:01 WIB,EXACT MATCH,40,800,180,22.50%,4.5000
Perlengkapan Rumah → Home Organizer,"4,000–4,999",G1 Low,V2_SEED,0,1,20,94,400,278,122,30.50%,69.50%,13.9000,2.9574,28/08/2026 19:07:09 WIB,28/08/2026 19:18:03 WIB,EXACT MATCH,20,399,205,51.38%,10.2500
Perlengkapan Rumah → Home Organizer,"4,000–4,999",G2 Medium,V2_SEED,0,1,20,67,400,238,162,40.50%,59.50%,11.9000,3.5522,28/08/2026 20:33:23 WIB,28/08/2026 20:42:08 WIB,EXACT MATCH,20,399,205,51.38%,10.2500
Perlengkapan Rumah → Home Organizer,"4,000–4,999",G3 High,V2_SEED,0,1,20,61,400,32,368,92.00%,8.00%,1.6000,0.5246,28/08/2026 21:41:30 WIB,28/08/2026 21:57:29 WIB,EXACT MATCH,20,399,205,51.38%,10.2500
Perlengkapan Rumah → Home Organizer,"4,000–4,999",G4 Very High,V2_SEED,0,1,4,4,80,0,80,100.00%,0.00%,0.0000,0.0000,28/08/2026 22:53:16 WIB,28/08/2026 22:53:52 WIB,EXACT MATCH,20,399,205,51.38%,10.2500
Perlengkapan Rumah → Home Organizer,"4,125–4,249",G1 Low,ADAPTIVE_FOLLOWER,3,1,20,25,400,202,198,49.50%,50.50%,10.1000,8.0800,28/08/2026 22:23:18 WIB,28/08/2026 22:30:03 WIB,APPROXIMATE / NOT DIRECTLY COMPARABLE,,,,,
Perlengkapan Rumah → Home Organizer,"4,125–4,249",G2 Medium,ADAPTIVE_FOLLOWER,3,1,16,57,309,104,205,66.34%,33.66%,6.5000,1.8246,28/08/2026 23:19:15 WIB,28/08/2026 23:26:59 WIB,APPROXIMATE / NOT DIRECTLY COMPARABLE,,,,,
Perlengkapan Rumah → Home Organizer,"4,250–4,374",G1 Low,ADAPTIVE_FOLLOWER,3,1,20,81,400,201,199,49.75%,50.25%,10.0500,2.4815,28/08/2026 21:27:27 WIB,28/08/2026 21:41:03 WIB,APPROXIMATE / NOT DIRECTLY COMPARABLE,,,,,
Perlengkapan Rumah → Home Organizer,"4,250–4,374",G2 Medium,ADAPTIVE_FOLLOWER,3,1,13,15,252,41,211,83.73%,16.27%,3.1538,2.7333,28/08/2026 22:54:26 WIB,28/08/2026 22:58:20 WIB,APPROXIMATE / NOT DIRECTLY COMPARABLE,,,,,
Perlengkapan Rumah → Home Organizer,"4,250–4,499",G1 Low,ADAPTIVE_FOLLOWER,2,1,20,118,400,216,184,46.00%,54.00%,10.8000,1.8305,28/08/2026 21:14:26 WIB,28/08/2026 21:27:11 WIB,APPROXIMATE / NOT DIRECTLY COMPARABLE,,,,,
Perlengkapan Rumah → Home Organizer,"4,250–4,499",G2 Medium,ADAPTIVE_FOLLOWER,2,1,20,34,400,213,187,46.75%,53.25%,10.6500,6.2647,28/08/2026 22:45:27 WIB,28/08/2026 22:53:05 WIB,APPROXIMATE / NOT DIRECTLY COMPARABLE,,,,,
Perlengkapan Rumah → Home Organizer,"4,375–4,499",G1 Low,ADAPTIVE_FOLLOWER,3,1,20,65,400,191,209,52.25%,47.75%,9.5500,2.9385,28/08/2026 21:58:18 WIB,28/08/2026 22:13:48 WIB,APPROXIMATE / NOT DIRECTLY COMPARABLE,,,,,
Perlengkapan Rumah → Home Organizer,"4,375–4,499",G2 Medium,ADAPTIVE_FOLLOWER,3,1,12,34,235,44,191,81.28%,18.72%,3.6667,1.2941,28/08/2026 22:58:39 WIB,28/08/2026 23:04:02 WIB,APPROXIMATE / NOT DIRECTLY COMPARABLE,,,,,
Perlengkapan Rumah → Home Organizer,"4,500–4,624",G1 Low,ADAPTIVE_FOLLOWER,3,1,20,123,399,89,310,77.69%,22.31%,4.4500,0.7236,29/08/2026 01:03:01 WIB,29/08/2026 01:15:01 WIB,APPROXIMATE / NOT DIRECTLY COMPARABLE,,,,,
Perlengkapan Rumah → Home Organizer,"4,500–4,624",G2 Medium,ADAPTIVE_FOLLOWER,3,1,12,132,226,4,222,98.23%,1.77%,0.3333,0.0303,29/08/2026 03:13:44 WIB,29/08/2026 03:24:00 WIB,APPROXIMATE / NOT DIRECTLY COMPARABLE,,,,,
Perlengkapan Rumah → Home Organizer,"4,500–4,749",G1 Low,ADAPTIVE_FOLLOWER,2,1,20,53,399,91,308,77.19%,22.81%,4.5500,1.7170,29/08/2026 00:30:23 WIB,29/08/2026 00:38:02 WIB,APPROXIMATE / NOT DIRECTLY COMPARABLE,,,,,
Perlengkapan Rumah → Home Organizer,"4,500–4,749",G2 Medium,ADAPTIVE_FOLLOWER,2,1,20,115,400,79,321,80.25%,19.75%,3.9500,0.6870,29/08/2026 02:32:08 WIB,29/08/2026 02:43:48 WIB,APPROXIMATE / NOT DIRECTLY COMPARABLE,,,,,
Perlengkapan Rumah → Home Organizer,"4,500–4,999",G1 Low,ADAPTIVE_FOLLOWER,1,1,20,115,400,66,334,83.50%,16.50%,3.3000,0.5739,28/08/2026 20:04:01 WIB,28/08/2026 20:14:45 WIB,EXACT MATCH,40,800,244,30.50%,6.1000
Perlengkapan Rumah → Home Organizer,"4,500–4,999",G2 Medium,ADAPTIVE_FOLLOWER,1,1,20,24,400,54,346,86.50%,13.50%,2.7000,2.2500,28/08/2026 22:30:21 WIB,28/08/2026 22:37:16 WIB,EXACT MATCH,40,800,244,30.50%,6.1000
Perlengkapan Rumah → Home Organizer,"4,500–4,999",G3 High,ADAPTIVE_FOLLOWER,1,1,20,256,400,53,347,86.75%,13.25%,2.6500,0.2070,29/08/2026 08:22:35 WIB,29/08/2026 08:40:28 WIB,EXACT MATCH,40,800,244,30.50%,6.1000
Perlengkapan Rumah → Home Organizer,"4,625–4,749",G1 Low,ADAPTIVE_FOLLOWER,3,1,20,177,400,118,282,70.50%,29.50%,5.9000,0.6667,29/08/2026 01:15:21 WIB,29/08/2026 01:31:31 WIB,APPROXIMATE / NOT DIRECTLY COMPARABLE,,,,,
Perlengkapan Rumah → Home Organizer,"4,625–4,749",G2 Medium,ADAPTIVE_FOLLOWER,3,1,12,84,225,8,217,96.44%,3.56%,0.6667,0.0952,29/08/2026 03:24:16 WIB,29/08/2026 03:35:48 WIB,APPROXIMATE / NOT DIRECTLY COMPARABLE,,,,,
Perlengkapan Rumah → Home Organizer,"4,750–4,874",G1 Low,ADAPTIVE_FOLLOWER,3,1,20,436,400,107,293,73.25%,26.75%,5.3500,0.2454,29/08/2026 01:31:50 WIB,29/08/2026 02:05:08 WIB,APPROXIMATE / NOT DIRECTLY COMPARABLE,,,,,
Perlengkapan Rumah → Home Organizer,"4,750–4,999",G1 Low,ADAPTIVE_FOLLOWER,2,1,20,135,400,74,326,81.50%,18.50%,3.7000,0.5481,29/08/2026 00:38:19 WIB,29/08/2026 00:51:29 WIB,APPROXIMATE / NOT DIRECTLY COMPARABLE,,,,,
Perlengkapan Rumah → Home Organizer,"4,750–4,999",G2 Medium,ADAPTIVE_FOLLOWER,2,1,20,181,396,75,321,81.06%,18.94%,3.7500,0.4144,29/08/2026 02:56:41 WIB,29/08/2026 03:13:06 WIB,APPROXIMATE / NOT DIRECTLY COMPARABLE,,,,,
Perlengkapan Rumah → Home Organizer,"4,875–4,999",G1 Low,ADAPTIVE_FOLLOWER,3,1,20,168,400,119,281,70.25%,29.75%,5.9500,0.7083,29/08/2026 02:16:03 WIB,29/08/2026 02:31:48 WIB,APPROXIMATE / NOT DIRECTLY COMPARABLE,,,,,
Perlengkapan Rumah → Home Organizer,"5,000–5,312",G1 Low,ADAPTIVE_FOLLOWER,3,1,20,194,400,167,233,58.25%,41.75%,8.3500,0.8608,29/08/2026 07:57:57 WIB,29/08/2026 08:16:54 WIB,APPROXIMATE / NOT DIRECTLY COMPARABLE,,,,,
Perlengkapan Rumah → Home Organizer,"5,000–5,624",G1 Low,ADAPTIVE_FOLLOWER,2,1,20,49,400,216,184,46.00%,54.00%,10.8000,4.4082,29/08/2026 06:35:29 WIB,29/08/2026 06:46:05 WIB,APPROXIMATE / NOT DIRECTLY COMPARABLE,,,,,
Perlengkapan Rumah → Home Organizer,"5,000–6,249",G1 Low,ADAPTIVE_FOLLOWER,1,1,20,83,400,187,213,53.25%,46.75%,9.3500,2.2530,29/08/2026 00:20:03 WIB,29/08/2026 00:29:46 WIB,EXACT MATCH,20,400,82,20.50%,4.1000
Perlengkapan Rumah → Home Organizer,"5,000–6,249",G2 Medium,ADAPTIVE_FOLLOWER,1,1,20,93,400,165,235,58.75%,41.25%,8.2500,1.7742,29/08/2026 02:05:24 WIB,29/08/2026 02:15:45 WIB,EXACT MATCH,20,400,82,20.50%,4.1000
Perlengkapan Rumah → Home Organizer,"5,000–7,499",G1 Low,V2_SEED,0,1,21,98,401,391,10,2.49%,97.51%,18.6190,3.9898,28/08/2026 23:41:02 WIB,28/08/2026 23:52:52 WIB,EXACT MATCH,20,400,16,4.00%,0.8000
Perlengkapan Rumah → Home Organizer,"5,000–7,499",G2 Medium,V2_SEED,0,1,20,107,400,370,30,7.50%,92.50%,18.5000,3.4579,29/08/2026 00:51:46 WIB,29/08/2026 01:02:44 WIB,EXACT MATCH,20,400,16,4.00%,0.8000
Perlengkapan Rumah → Home Organizer,"5,000–7,499",G3 High,V2_SEED,0,1,20,121,400,31,369,92.25%,7.75%,1.5500,0.2562,29/08/2026 02:44:07 WIB,29/08/2026 02:56:21 WIB,EXACT MATCH,20,400,16,4.00%,0.8000
Perlengkapan Rumah → Home Organizer,"5,000–7,499",G4 Very High,V2_SEED,0,1,10,29,187,0,187,100.00%,0.00%,0.0000,0.0000,29/08/2026 04:23:37 WIB,29/08/2026 04:29:31 WIB,EXACT MATCH,20,400,16,4.00%,0.8000
Perlengkapan Rumah → Home Organizer,"5,313–5,468",G1 Low,ADAPTIVE_FOLLOWER,4,1,20,210,400,201,199,49.75%,50.25%,10.0500,0.9571,29/08/2026 09:57:43 WIB,29/08/2026 10:18:47 WIB,APPROXIMATE / NOT DIRECTLY COMPARABLE,,,,,
Perlengkapan Rumah → Home Organizer,"5,313–5,624",G1 Low,ADAPTIVE_FOLLOWER,3,1,20,92,400,225,175,43.75%,56.25%,11.2500,2.4457,29/08/2026 08:40:50 WIB,29/08/2026 08:52:50 WIB,APPROXIMATE / NOT DIRECTLY COMPARABLE,,,,,
Perlengkapan Rumah → Home Organizer,"5,469–5,624",G1 Low,ADAPTIVE_FOLLOWER,4,1,20,137,400,199,201,50.25%,49.75%,9.9500,1.4526,29/08/2026 10:19:10 WIB,29/08/2026 10:35:41 WIB,APPROXIMATE / NOT DIRECTLY COMPARABLE,,,,,
Perlengkapan Rumah → Home Organizer,"5,625–5,937",G1 Low,ADAPTIVE_FOLLOWER,3,1,20,120,400,200,200,50.00%,50.00%,10.0000,1.6667,29/08/2026 07:20:09 WIB,29/08/2026 07:38:49 WIB,APPROXIMATE / NOT DIRECTLY COMPARABLE,,,,,
Perlengkapan Rumah → Home Organizer,"5,625–6,249",G1 Low,ADAPTIVE_FOLLOWER,2,1,20,39,400,263,137,34.25%,65.75%,13.1500,6.7436,29/08/2026 06:46:27 WIB,29/08/2026 06:58:16 WIB,APPROXIMATE / NOT DIRECTLY COMPARABLE,,,,,
Perlengkapan Rumah → Home Organizer,"5,938–6,249",G1 Low,ADAPTIVE_FOLLOWER,3,1,20,183,400,200,200,50.00%,50.00%,10.0000,1.0929,29/08/2026 07:39:10 WIB,29/08/2026 07:57:29 WIB,APPROXIMATE / NOT DIRECTLY COMPARABLE,,,,,
Perlengkapan Rumah → Home Organizer,"6,250–6,562",G1 Low,ADAPTIVE_FOLLOWER,3,1,20,84,399,197,202,50.63%,49.37%,9.8500,2.3452,29/08/2026 08:53:10 WIB,29/08/2026 09:04:29 WIB,APPROXIMATE / NOT DIRECTLY COMPARABLE,,,,,
Perlengkapan Rumah → Home Organizer,"6,250–6,562",G2 Medium,ADAPTIVE_FOLLOWER,3,1,16,31,316,104,212,67.09%,32.91%,6.5000,3.3548,29/08/2026 04:41:31 WIB,29/08/2026 04:47:42 WIB,APPROXIMATE / NOT DIRECTLY COMPARABLE,,,,,
Perlengkapan Rumah → Home Organizer,"6,250–6,874",G1 Low,ADAPTIVE_FOLLOWER,2,1,20,34,400,179,221,55.25%,44.75%,8.9500,5.2647,29/08/2026 04:58:50 WIB,29/08/2026 05:05:09 WIB,APPROXIMATE / NOT DIRECTLY COMPARABLE,,,,,
Perlengkapan Rumah → Home Organizer,"6,250–6,874",G2 Medium,ADAPTIVE_FOLLOWER,2,1,20,157,400,176,224,56.00%,44.00%,8.8000,1.1210,29/08/2026 03:59:56 WIB,29/08/2026 04:14:48 WIB,APPROXIMATE / NOT DIRECTLY COMPARABLE,,,,,
Perlengkapan Rumah → Home Organizer,"6,250–7,499",G1 Low,ADAPTIVE_FOLLOWER,1,1,20,88,400,262,138,34.50%,65.50%,13.1000,2.9773,29/08/2026 04:48:07 WIB,29/08/2026 04:58:33 WIB,EXACT MATCH,20,400,154,38.50%,7.7000
Perlengkapan Rumah → Home Organizer,"6,250–7,499",G2 Medium,ADAPTIVE_FOLLOWER,1,1,20,137,400,240,160,40.00%,60.00%,12.0000,1.7518,29/08/2026 03:37:38 WIB,29/08/2026 03:57:44 WIB,EXACT MATCH,20,400,154,38.50%,7.7000
Perlengkapan Rumah → Home Organizer,"6,563–6,874",G1 Low,ADAPTIVE_FOLLOWER,3,1,20,317,400,205,195,48.75%,51.25%,10.2500,0.6467,29/08/2026 09:33:41 WIB,29/08/2026 09:56:57 WIB,APPROXIMATE / NOT DIRECTLY COMPARABLE,,,,,
Perlengkapan Rumah → Home Organizer,"6,563–6,874",G2 Medium,ADAPTIVE_FOLLOWER,3,1,15,105,290,97,193,66.55%,33.45%,6.4667,0.9238,29/08/2026 06:03:55 WIB,29/08/2026 06:14:41 WIB,APPROXIMATE / NOT DIRECTLY COMPARABLE,,,,,
Perlengkapan Rumah → Home Organizer,"6,875–7,187",G1 Low,ADAPTIVE_FOLLOWER,3,1,20,78,400,189,211,52.75%,47.25%,9.4500,2.4231,29/08/2026 05:35:25 WIB,29/08/2026 05:45:09 WIB,APPROXIMATE / NOT DIRECTLY COMPARABLE,,,,,
Perlengkapan Rumah → Home Organizer,"6,875–7,187",G2 Medium,ADAPTIVE_FOLLOWER,3,1,13,26,256,51,205,80.08%,19.92%,3.9231,1.9615,29/08/2026 04:29:47 WIB,29/08/2026 04:35:18 WIB,APPROXIMATE / NOT DIRECTLY COMPARABLE,,,,,
Perlengkapan Rumah → Home Organizer,"6,875–7,499",G1 Low,ADAPTIVE_FOLLOWER,2,1,20,143,400,216,184,46.00%,54.00%,10.8000,1.5105,29/08/2026 05:05:45 WIB,29/08/2026 05:20:08 WIB,APPROXIMATE / NOT DIRECTLY COMPARABLE,,,,,
Perlengkapan Rumah → Home Organizer,"6,875–7,499",G2 Medium,ADAPTIVE_FOLLOWER,2,1,20,24,400,215,185,46.25%,53.75%,10.7500,8.9583,29/08/2026 04:15:04 WIB,29/08/2026 04:23:24 WIB,APPROXIMATE / NOT DIRECTLY COMPARABLE,,,,,
Perlengkapan Rumah → Home Organizer,"7,188–7,499",G1 Low,ADAPTIVE_FOLLOWER,3,1,20,96,400,208,192,48.00%,52.00%,10.4000,2.1667,29/08/2026 05:46:51 WIB,29/08/2026 06:03:35 WIB,APPROXIMATE / NOT DIRECTLY COMPARABLE,,,,,
Perlengkapan Rumah → Home Organizer,"7,188–7,499",G2 Medium,ADAPTIVE_FOLLOWER,3,1,12,48,228,29,199,87.28%,12.72%,2.4167,0.6042,29/08/2026 04:35:50 WIB,29/08/2026 04:41:14 WIB,APPROXIMATE / NOT DIRECTLY COMPARABLE,,,,,
Perlengkapan Rumah → Home Organizer,"7,500–8,749",G1 Low,ADAPTIVE_FOLLOWER,1,1,7,22,140,29,111,79.29%,20.71%,4.1429,1.3182,29/08/2026 10:36:21 WIB,29/08/2026 10:41:51 WIB,EXACT MATCH,20,400,2,0.50%,0.1000
Perlengkapan Rumah → Home Organizer,"7,500–9,999",G1 Low,V2_SEED,0,1,20,85,400,123,277,69.25%,30.75%,6.1500,1.4471,29/08/2026 05:21:13 WIB,29/08/2026 05:33:08 WIB,EXACT MATCH,20,400,80,20.00%,4.0000
Perlengkapan Rumah → Home Organizer,"7,500–9,999",G2 Medium,V2_SEED,0,1,20,224,400,80,320,80.00%,20.00%,4.0000,0.3571,29/08/2026 06:58:53 WIB,29/08/2026 07:19:41 WIB,EXACT MATCH,20,400,80,20.00%,4.0000
Perlengkapan Rumah → Home Organizer,"7,500–9,999",G3 High,V2_SEED,0,1,20,213,400,20,380,95.00%,5.00%,1.0000,0.0939,29/08/2026 09:04:56 WIB,29/08/2026 09:25:00 WIB,EXACT MATCH,20,400,80,20.00%,4.0000
Perlengkapan Rumah → Perlengkapan Rumah Lainnya,"7,500–7,656",G1 Low,ADAPTIVE_GMV,5,1,20,137,400,276,124,31.00%,69.00%,13.8000,2.0146,26/08/2026 19:13:32 WIB,26/08/2026 19:46:36 WIB,EXACT MATCH,20,400,186,46.50%,9.3000
Perlengkapan Rumah → Perlengkapan Rumah Lainnya,"7,500–7,656",G2 Medium,ADAPTIVE_GMV,5,1,6,10,116,29,87,75.00%,25.00%,4.8333,2.9000,26/08/2026 16:27:39 WIB,26/08/2026 16:30:36 WIB,EXACT MATCH,20,400,186,46.50%,9.3000
Perlengkapan Rumah → Perlengkapan Rumah Lainnya,"7,500–7,656",G3 High,ADAPTIVE_GMV,5,1,3,167,58,7,51,87.93%,12.07%,2.3333,0.0419,26/08/2026 14:58:33 WIB,26/08/2026 15:02:07 WIB,EXACT MATCH,20,400,186,46.50%,9.3000
Perlengkapan Rumah → Perlengkapan Rumah Lainnya,"7,500–7,656",G4 Very High,ADAPTIVE_GMV,5,1,1,3,12,0,12,100.00%,0.00%,0.0000,0.0000,26/08/2026 15:25:31 WIB,26/08/2026 15:25:31 WIB,EXACT MATCH,20,400,186,46.50%,9.3000
Perlengkapan Rumah → Perlengkapan Rumah Lainnya,"9,063–9,218",G1 Low,ADAPTIVE_GMV,5,1,20,286,400,238,162,40.50%,59.50%,11.9000,0.8322,26/08/2026 17:14:08 WIB,26/08/2026 17:46:18 WIB,EXACT MATCH,20,400,200,50.00%,10.0000
Perlengkapan Rumah → Perlengkapan Rumah Lainnya,"9,063–9,218",G2 Medium,ADAPTIVE_GMV,5,1,5,7,91,15,76,83.52%,16.48%,3.0000,2.1429,26/08/2026 15:26:05 WIB,26/08/2026 15:28:31 WIB,EXACT MATCH,20,400,200,50.00%,10.0000
Perlengkapan Rumah → Perlengkapan Rumah Lainnya,"9,063–9,218",G3 High,ADAPTIVE_GMV,5,1,3,11,52,1,51,98.08%,1.92%,0.3333,0.0909,26/08/2026 13:32:52 WIB,26/08/2026 13:34:18 WIB,EXACT MATCH,20,400,200,50.00%,10.0000
Perlengkapan Rumah → Perlengkapan Rumah Lainnya,"9,063–9,218",G4 Very High,ADAPTIVE_GMV,5,1,1,1,10,0,10,100.00%,0.00%,0.0000,0.0000,26/08/2026 14:15:03 WIB,26/08/2026 14:15:03 WIB,EXACT MATCH,20,400,200,50.00%,10.0000
Perlengkapan Rumah → Perlengkapan Rumah Lainnya,"9,219–9,374",G1 Low,ADAPTIVE_GMV,5,1,20,94,400,242,158,39.50%,60.50%,12.1000,2.5745,26/08/2026 18:39:48 WIB,26/08/2026 19:10:00 WIB,EXACT MATCH,20,400,193,48.25%,9.6500
Perlengkapan Rumah → Perlengkapan Rumah Lainnya,"9,219–9,374",G2 Medium,ADAPTIVE_GMV,5,1,4,6,78,9,69,88.46%,11.54%,2.2500,1.5000,26/08/2026 15:29:06 WIB,26/08/2026 15:30:45 WIB,EXACT MATCH,20,400,193,48.25%,9.6500
Perlengkapan Rumah → Perlengkapan Rumah Lainnya,"9,219–9,374",G3 High,ADAPTIVE_GMV,5,1,3,48,52,5,47,90.38%,9.62%,1.6667,0.1042,26/08/2026 14:46:47 WIB,26/08/2026 14:47:50 WIB,EXACT MATCH,20,400,193,48.25%,9.6500
Perlengkapan Rumah → Perlengkapan Rumah Lainnya,"9,219–9,374",G4 Very High,ADAPTIVE_GMV,5,1,1,4,13,0,13,100.00%,0.00%,0.0000,0.0000,26/08/2026 14:48:31 WIB,26/08/2026 14:48:31 WIB,EXACT MATCH,20,400,193,48.25%,9.6500
